epoch	loss	grad_norm	learning_rate	reward	rewards/reward_correct/mean	rewards/reward_correct/std	completions/mean_length	completions/clipped_ratio	kl	step_time
0.00495	0	0	0	0.5	0.5	0.5345	3940	0	0	53.62
0.009901	0	0	3.226e-07	0.5	0.5	0.5345	1976	0	0	26.63
0.01485	0	0	6.452e-07	0	0	0	7513	0	0	95.34
0.00495	0	0	0	0.5	0.5	0.5345	3940	0	0	54.53
0.009901	0	0	3.226e-07	0.5	0.5	0.5345	1976	0	0	27.53
0.01485	0	0	6.452e-07	0	0	0	7513	0	0	97.65
0.0198	0	0	9.677e-07	0	0	0	8171	0.5	0	109.5
0.02475	0.004582	0.001365	1.29e-06	0.625	0.625	0.5175	4755	0	0	83.07
0.0297	0.004895	0.001927	1.613e-06	0.125	0.125	0.3536	7696	0.5	0.0006214	91.92
0.03465	4.402e-06	0.0002823	1.935e-06	0.5	0.5	0.5345	2496	0	0.0004495	61.6
0.0396	-0.002152	0.001819	2.258e-06	0.9375	0.9375	0.1768	3113	0	0.0003626	45.06
0.04455	0.005583	0.0008561	2.581e-06	0.125	0.125	0.3536	9844	0.625	0.0004773	109.8
0.0495	1.85e-05	0.0004998	2.903e-06	0	0	0	9686	0.375	0.0004793	104.2
0.05446	0.005331	0.003216	3.226e-06	0.375	0.375	0.5175	7539	0.375	0.0003546	102.7
0.05941	1.092e-05	0.0003821	3.548e-06	0	0	0	5804	0.5	0.0004558	88.6
0.06436	0.0412	0.01433	3.871e-06	0.125	0.125	0.3536	7283	0.125	0.0003488	97.97
0.06931	5.08e-06	0.0002106	4.194e-06	0	0	0	2539	0	0.0004405	34.98
0.07426	1.635e-05	0.0004691	4.516e-06	0	0	0	9952	0.875	0.0004249	98.83
0.07921	6.539e-06	0.0002812	4.839e-06	0.5	0.5	0.5345	3398	0	0.0005091	50.34
0.08416	0.0233	0.01218	5.161e-06	0.25	0.25	0.4629	3761	0	0.0004971	62.94
0.08911	6.473e-06	0.000317	5.484e-06	0.5	0.5	0.5345	3533	0	0.0004708	41.15
0.09406	4.163e-06	0.0002636	5.806e-06	0.5	0.5	0.5345	2373	0	0.0004139	33.48
0.09901	0.001125	0.0005396	6.129e-06	0.125	0.125	0.3536	6032	0	0.000475	85.66
0.104	1.425e-05	0.0003488	6.452e-06	0	0	0	6734	0.375	0.0004773	98.47
0.1089	1.943e-05	0.0006227	6.774e-06	0	0	0	9336	0.75	0.0005313	99.19
0.1139	9.36e-06	0.0009746	7.097e-06	0	0	0	7400	0.5	0.0003304	103.3
0.1188	-0.001242	0.002515	7.419e-06	0.75	0.75	0.378	1361	0	0.0003174	24.99
0.1238	-0.00283	0.001754	7.742e-06	0.125	0.125	0.3536	4590	0	0.0003492	73.16
0.1287	-0.01539	0.002778	8.065e-06	0.375	0.375	0.5175	9575	0.5	0.0004074	102.2
0.1337	7.242e-06	0.0002776	8.387e-06	0.5	0.5	0.5345	4335	0	0.000384	76.61
0.1386	9.554e-06	0.0004478	8.71e-06	0	0	0	5789	0	0.0003941	86
0.1436	-0.0004853	0.01368	9.032e-06	0.25	0.25	0.4629	3988	0	0.0004737	71.61
0.1485	0.003605	0.00235	9.355e-06	0.25	0.25	0.4629	3045	0	0.0004054	37.74
0.1535	-0.009989	0.01023	9.677e-06	0.375	0.375	0.5175	6236	0.25	0.0005325	93.59
0.1584	6.109e-06	0.0003522	1e-05	0.5	0.5	0.5345	3564	0	0.0004257	51.15
0.1634	-0.003363	0.001497	1e-05	0.375	0.375	0.5175	8906	0.5	0.000519	99.69
0.1683	1.135e-05	0.0004212	1e-05	0.5	0.5	0.5345	5122	0	0.0005007	92.58
0.1733	1.484e-05	0.0006438	1e-05	0	0	0	9758	0.5	0.0003919	111
0.1782	1.328e-05	0.0004769	1e-05	0	0	0	6218	0	0.0005398	81.24
0.1832	1.263e-05	0.0004492	1e-05	0.5	0.5	0.5345	5266	0	0.0006102	72.17
0.1881	-0.0349	0.01276	1e-05	0.25	0.25	0.4629	5418	0	0.0005688	88.69
0.1931	-0.005338	0.002067	1e-05	0.75	0.75	0.4629	6725	0.125	0.0005926	101.2
0.198	1.084e-05	0.001359	1e-05	0	0	0	5995	0.375	0.0004633	91.77
0.203	0.01075	0.002588	1e-05	0.25	0.25	0.4629	7282	0.125	0.0006515	101.2
0.2079	-0.003462	0.003479	1e-05	0.625	0.625	0.4432	5079	0.25	0.0005868	94.77
0.2129	0.006329	0.00182	1e-05	0.25	0.25	0.4629	1.006e+04	0.75	0.0004487	99.46
0.2178	1.429e-05	0.001038	1e-05	0.5	0.5	0.5345	8039	0.5	0.000506	92.23
0.2228	0.01442	0.01237	1e-05	0.375	0.375	0.5175	3766	0	0.0006894	72.6
0.2277	-0.03353	0.01999	1e-05	0.75	0.75	0.4629	3078	0	0.00061	63.08
0.2327	2.197e-05	0.0007414	1e-05	0	0	0	9456	0.5	0.0005959	103.3
0.2376	2.709e-05	0.001713	1e-05	0	0	0	1.024e+04	1	0.0006772	99.05
0.2426	6.03e-06	0.000381	1e-05	0.5	0.5	0.5345	6691	0.5	0.0002758	89.27
0.2475	0.005476	0.007206	1e-05	0.25	0.25	0.4629	1997	0	0.0006696	28.35
0.2525	8.36e-06	0.0005044	1e-05	0	0	0	3823	0	0.0005778	67.55
0.2574	1.696e-05	0.0005524	1e-05	0.5	0.5	0.5345	8255	0.5	0.0005341	94.05
0.2624	1.771e-05	0.0006312	1e-05	0.5	0.5	0.5345	5947	0.375	0.0006365	91.72
0.2673	0.001297	0.0009308	1e-05	0.75	0.75	0.4629	2709	0	0.0007274	41.23
0.2723	3.038e-05	0.0007971	1e-05	0	0	0	9982	0.75	0.0007804	99.61
0.2772	5.881e-06	0.0003489	1e-05	0	0	0	2656	0	0.0005176	40.39
0.2822	1.148e-05	0.0005025	1e-05	0.5	0.5	0.5345	5543	0.375	0.0006169	90.52
0.2871	1.439e-05	0.0006135	1e-05	0.5	0.5	0.5345	6632	0.375	0.0005817	93.16
0.2921	-0.01576	0.01408	1e-05	0.25	0.25	0.4629	2469	0	0.0006586	30.77
0.297	2.484e-05	0.0008063	1e-05	0	0	0	8622	0.25	0.0007303	102.3
0.302	1.151e-05	0.0004735	1e-05	0.5	0.5	0.5345	4633	0	0.0006653	73.3
0.3069	-0.006482	0.006376	1e-05	0.4375	0.4375	0.4955	3929	0	0.0007039	76.71
0.3119	1.546e-05	0.0005145	1e-05	0.5	0.5	0.5345	5436	0.125	0.0006916	101.2
0.3168	1.76e-05	0.0005657	1e-05	0.5	0.5	0.5345	4666	0	0.0009757	69.63
0.3218	1.276e-05	0.0005259	1e-05	0	0	0	5406	0.125	0.0006525	99.14
0.3267	1.949e-05	0.0007491	1e-05	0	0	0	7919	0.375	0.0006349	99.9
0.3317	1.307e-05	0.000581	1e-05	0	0	0	6192	0.5	0.000633	89.5
0.3366	0.01529	0.005391	1e-05	0.75	0.75	0.4629	3518	0	0.0006648	56.22
0.3416	2.58e-05	0.000973	1e-05	0	0	0	8058	0.5	0.0008256	93.95
0.3465	9.294e-06	0.0003903	1e-05	0.5	0.5	0.5345	3216	0	0.0006815	54.87
0.3515	0.003645	0.001189	1e-05	0.25	0.25	0.4629	5898	0	0.0007064	93.64
0.3564	2.143e-05	0.001142	1e-05	0	0	0	9310	0.25	0.000584	102.9
0.3614	2.006e-05	0.0007271	1e-05	0	0	0	9013	0.5	0.0005963	107.9
0.3663	4.009e-06	0.0002625	1e-05	1	1	0	1134	0	0.0009375	11.9
0.3713	-0.0063	0.002357	1e-05	0.375	0.375	0.5175	8026	0.5	0.0006995	93.89
0.3762	2.464e-05	0.0008055	1e-05	0.5	0.5	0.5345	8975	0.5	0.0007241	106.6
0.3812	-0.008499	0.003766	1e-05	0.375	0.375	0.5175	4946	0	0.0005915	92.56
0.3861	-0.02355	0.004721	1e-05	0.625	0.625	0.5175	8709	0.5	0.0006173	112.3
0.3911	1.402e-05	0.0006139	1e-05	0	0	0	6723	0.375	0.0006278	92.4
0.396	0.0003757	0.00325	1e-05	0.625	0.625	0.5175	4353	0	0.0006743	88.32
0.401	-0.03021	0.01033	1e-05	0.5	0.5	0.5345	3454	0	0.0006359	58.58
0.4059	1.063e-05	0.0004152	1e-05	0.5	0.5	0.5345	2762	0	0.0009468	40.95
0.4109	0.006493	0.005879	1e-05	0.25	0.25	0.4629	8372	0.375	0.0007487	102.1
0.4158	0.02447	0.008261	1e-05	0.375	0.375	0.5175	5300	0	0.0006857	68.17
0.4208	0.02187	0.005563	1e-05	0.75	0.75	0.4629	4826	0.125	0.0007122	94.76
0.4257	-0.07165	0.01827	1e-05	0.5	0.5	0.5345	4138	0	0.0006008	78.76
0.4307	0.005437	0.001808	1e-05	0.125	0.125	0.3536	3700	0	0.000596	52.68
0.4356	-0.0009606	0.000643	1e-05	0.375	0.375	0.5175	6759	0	0.0006761	82.97
0.4406	1.464e-05	0.00048	1e-05	0	0	0	5389	0	0.0007115	76.4
0.4455	1.317e-05	0.0004997	1e-05	0	0	0	4317	0	0.0007756	61.84
0.4505	0.0296	0.005608	1e-05	0.125	0.125	0.3536	3928	0	0.0006781	76.15
0.4554	2.153e-05	0.0006615	1e-05	0	0	0	8498	0.5	0.0006674	106.6
0.4604	1.142e-05	0.0005821	1e-05	0.5	0.5	0.5345	5660	0	0.0005499	64.62
0.4653	0.009323	0.007113	1e-05	0.125	0.125	0.3536	3062	0	0.0008976	58.62
0.4703	0.03359	0.01167	1e-05	0.125	0.125	0.3536	4032	0	0.0008327	46.8
0.4752	1.027e-05	0.0004841	1e-05	0	0	0	3528	0	0.0007098	53.94
0.4802	1.156e-05	0.0004741	1e-05	0	0	0	3684	0	0.0007676	44.17
0.4851	5.643e-06	0.0003755	1e-05	0.5	0.5	0.5345	2618	0	0.0005872	38.86
0.4901	1.438e-05	0.0005556	1e-05	0	0	0	5193	0.125	0.0006207	93.26
0.495	-0.0003262	0.00123	1e-05	0.125	0.125	0.3536	9304	0.5	0.0005949	97.48
0.5	2.229e-05	0.0007303	1e-05	0	0	0	8191	0	0.0006881	91.77
0.505	2.321e-05	0.0007652	1e-05	0	0	0	1.001e+04	0.625	0.0005938	106.6
0.5099	2.184e-05	0.0007407	1e-05	0	0	0	6539	0.125	0.0008603	106.2
0.5149	9.092e-06	0.0004328	1e-05	0	0	0	2737	0	0.0008464	30.43
0.5198	1.73e-05	0.0008749	1e-05	0	0	0	5566	0.5	0.0008158	87.74
0.5248	1.11e-05	0.00067	1e-05	0.5	0.5	0.5345	4999	0.25	0.0006156	91.2
0.5297	-0.002293	0.0008446	1e-05	0.375	0.375	0.5175	8042	0.5	0.0006735	94.35
0.5347	-0.00161	0.001827	1e-05	0.125	0.125	0.3536	6923	0	0.000808	99.83
0.5396	2.05e-05	0.001518	1e-05	0	0	0	7379	0.5	0.0006475	91.24
0.5446	-0.0004828	0.0008466	1e-05	0.625	0.625	0.5175	6045	0.5	0.0007345	88.5
0.5495	0.0033	0.0009901	1e-05	0.75	0.75	0.4629	5014	0.125	0.0008877	93.86
0.5545	0.01287	0.005672	1e-05	0.5	0.5	0.5345	4714	0.125	0.0006939	92.95
0.5594	1.929e-05	0.0007126	1e-05	0	0	0	6291	0	0.0007868	91.1
0.5644	-0.01495	0.007358	1e-05	0.4375	0.4375	0.4955	1940	0	0.001031	41.7
0.5693	4.907e-06	0.0005986	1e-05	0.5	0.5	0.5345	1937	0	0.0006396	18.21
0.5743	3.636e-05	0.00076	1e-05	0.125	0.125	0.3536	9577	0.625	0.0007096	99.7
0.5792	1.227e-05	0.0005192	1e-05	0.5	0.5	0.5345	5171	0.125	0.0006426	94.02
0.5842	1.332e-05	0.0005589	1e-05	0.5	0.5	0.5345	5920	0.5	0.0006853	98.82
0.5891	2.133e-05	0.0006692	1e-05	0	0	0	1.022e+04	0.75	0.0005344	105.3
0.5941	7.941e-06	0.0004067	1e-05	0.5	0.5	0.5345	2980	0	0.0007387	47.59
0.599	1.69e-05	0.0005031	1e-05	0	0	0	6818	0.5	0.0006211	90.07
0.604	1.094e-05	0.0006113	1e-05	0	0	0	4441	0	0.0006504	70.92
0.6089	0.02669	0.008866	1e-05	0.75	0.75	0.4629	6970	0.25	0.0004946	95.44
0.6139	0.0002969	0.0009482	1e-05	0.625	0.625	0.5175	6232	0.375	0.0007906	91.3
0.6188	1.326e-05	0.001208	1e-05	0	0	0	7176	0.375	0.0005541	103.1
0.6238	-0.01857	0.01085	1e-05	0.75	0.75	0.4629	1988	0	0.0006326	22.96
0.6287	1.421e-05	0.0004732	1e-05	0	0	0	5271	0	0.0005873	95.92
0.6337	5.074e-06	0.0003394	1e-05	1	1	0	1767	0	0.0007546	27.99
0.6386	3.554e-06	0.0003117	1e-05	0.5	0.5	0.5345	1861	0	0.0004836	27.21
0.6436	1.48e-05	0.001565	1e-05	0.5	0.5	0.5345	5785	0.5	0.0006387	89.06
0.6485	0.005079	0.002059	1e-05	0.25	0.25	0.4629	9943	0.75	0.0005349	105.3
0.6535	1.507e-05	0.000488	1e-05	0	0	0	4762	0	0.0007183	67.47
0.6584	1.04e-05	0.0004564	1e-05	0	0	0	3824	0	0.0005734	75.09
0.6634	1.549e-05	0.0005999	1e-05	0.5	0.5	0.5345	8984	0.5	0.0004299	99.08
0.6683	8.399e-06	0.0004751	1e-05	0.5	0.5	0.5345	4353	0	0.0005677	73.17
0.6733	-0.127	0.02841	1e-05	0.75	0.75	0.4629	5494	0.25	0.0006674	97.32
0.6782	-0.02288	0.004362	1e-05	0.25	0.25	0.4629	7862	0.25	0.0006258	104.7
0.6832	0.006353	0.0009976	1e-05	0.125	0.125	0.3536	5829	0.375	0.0004657	90.56
0.6881	8.788e-06	0.0004197	1e-05	0.5	0.5	0.5345	3693	0	0.0005937	52.64
0.6931	0.0001998	0.001074	1e-05	0.125	0.125	0.3536	7006	0.5	0.0005432	90.13
0.698	1.049e-05	0.0004031	1e-05	0.5	0.5	0.5345	4563	0	0.0006232	82.24
0.703	-0.006338	0.001986	1e-05	0.125	0.125	0.3536	8660	0.5	0.0006538	104.6
0.7079	9.236e-06	0.0003708	1e-05	0.5	0.5	0.5345	3254	0	0.0007126	37.93
0.7129	0.02818	0.007557	1e-05	0.375	0.375	0.5175	1.001e+04	0.75	0.000689	98.87
0.7178	2.215e-05	0.0006418	1e-05	0	0	0	9547	0.75	0.000597	105.7
0.7228	1.024e-05	0.0004204	1e-05	0.5	0.5	0.5345	4068	0	0.0007057	70.97
0.7277	2.213e-05	0.002241	1e-05	0.3125	0.3125	0.4581	4943	0.375	0.001495	89.47
0.7327	-0.0006635	0.001255	1e-05	0.5	0.5	0.5345	8236	0.375	0.0008138	105.1
0.7376	-0.0008532	0.0008477	1e-05	0.25	0.25	0.4629	8242	0.5	0.0005022	92.63
0.7426	0.005116	0.004349	1e-05	0.625	0.625	0.5175	5627	0.25	0.0007285	92.19
0.7475	1.251e-05	0.0004523	1e-05	0	0	0	4235	0	0.0007378	72.11
0.7525	0.01043	0.006111	1e-05	0.25	0.25	0.4629	5645	0.125	0.0006193	98.18
0.7574	2.068e-05	0.0008595	1e-05	0	0	0	1.024e+04	1	0.0005171	99.97
0.7624	2.179e-05	0.0006223	1e-05	0	0	0	7579	0.375	0.0006609	98.03
0.7673	1.396e-05	0.0005471	1e-05	0.5	0.5	0.5345	5608	0.125	0.0006536	93.62
0.7723	0.04778	0.01221	1e-05	0.25	0.25	0.4629	7198	0.25	0.000929	96.42
0.7772	1.689e-05	0.0005168	1e-05	0	0	0	5816	0	0.0007021	71.57
0.7822	1.807e-05	0.0006375	1e-05	1	1	0	5550	0	0.0008036	85
0.7871	0.005817	0.003592	1e-05	0.125	0.125	0.3536	8552	0.5	0.0006654	95.03
0.7921	2.013e-05	0.0005935	1e-05	0.5	0.5	0.5345	7124	0.375	0.0006835	94.36
0.797	-0.01606	0.007727	1e-05	0.875	0.875	0.3536	1946	0	0.000898	41.29
0.802	5.102e-06	0.0003593	1e-05	0.5	0.5	0.5345	2464	0	0.0005761	33.05
0.8069	1.257e-05	0.0004704	1e-05	0.5	0.5	0.5345	4869	0	0.0007334	67.83
0.8119	1.874e-05	0.0007865	1e-05	0	0	0	5784	0	0.0007688	103.3
0.8168	-0.00103	0.00171	1e-05	0.375	0.375	0.5175	1627	0	0.0006286	31.32
0.8218	1.612e-05	0.001046	1e-05	0	0	0	6431	0.5	0.0006049	91.36
0.8267	0.005397	0.002308	1e-05	0.25	0.25	0.4629	3284	0	0.0007301	50.81
0.8317	9.186e-06	0.0004428	1e-05	1	1	0	2946	0	0.0006978	41.6
0.8366	2.254e-05	0.0005705	1e-05	1	1	0	6562	0	0.0008803	94.2
0.8416	-0.01417	0.01071	1e-05	0.5	0.5	0.5345	3588	0	0.0007275	48.03
0.8465	2.134e-05	0.0005992	1e-05	0	0	0	7552	0.125	0.0007196	102.7
0.8515	0.0002971	0.0006032	1e-05	0.125	0.125	0.3536	6706	0.5	0.0007813	92.25
0.8564	-0.003327	0.003787	1e-05	0.375	0.375	0.5175	2027	0	0.0006875	31.6
0.8614	7.874e-05	0.0005824	1e-05	0.125	0.125	0.3536	6896	0.125	0.0006602	101.6
0.8663	1.97e-05	0.000523	1e-05	1	1	0	7857	0	0.0006524	101.7
0.8713	6.374e-06	0.0003343	1e-05	0	0	0	2145	0	0.0007193	26.87
0.8762	1.047e-05	0.0005322	1e-05	0	0	0	5704	0.125	0.0005487	96.02
0.8812	0.001266	0.001375	1e-05	0.125	0.125	0.3536	7438	0.125	0.0008548	102.5
0.8861	-0.002168	0.0009657	1e-05	0.875	0.875	0.3536	5945	0.125	0.0004472	95.22
0.8911	2.253e-05	0.001002	1e-05	0	0	0	9615	0.625	0.0006083	106.8
0.896	-0.0002742	0.0003913	1e-05	0.875	0.875	0.3536	3410	0	0.0007343	42.93
0.901	1.32e-05	0.0004914	1e-05	0	0	0	4988	0	0.0007329	71.08
0.9059	1.573e-05	0.0006236	1e-05	0	0	0	6356	0	0.0005814	95.24
0.9109	1.887e-05	0.0005179	1e-05	0.5	0.5	0.5345	7579	0	0.0006268	88.96
0.9158	1.167e-05	0.0004771	1e-05	0	0	0	5280	0	0.0005435	88.7
0.9208	0.01802	0.004449	1e-05	0.375	0.375	0.5175	9685	0.625	0.0005484	100.1
0.9257	0.005262	0.002737	1e-05	0.375	0.375	0.5175	9882	0.75	0.0004934	99.57
0.9307	0.1204	0.02416	1e-05	0.75	0.75	0.4629	8484	0.25	0.0006673	99.87
0.9356	3.272e-06	0.0002787	1e-05	0.5	0.5	0.5345	1699	0	0.0004827	19.98
0.9406	-0.0002992	0.001013	1e-05	0.375	0.375	0.5175	9894	0.875	0.0006718	103.7
0.9455	2.706e-05	0.0007816	1e-05	0	0	0	1.024e+04	1	0.0006765	99.93
0.9505	2.043e-05	0.00857	1e-05	0	0	0	8134	0.375	0.0006291	96.93
0.9554	1.232e-05	0.0004578	1e-05	0	0	0	5304	0.25	0.0005669	91.37
0.9604	1.796e-05	0.0006844	1e-05	0.5	0.5	0.5345	8228	0.25	0.000564	99.2
0.9653	0.002994	0.003428	1e-05	0.9375	0.9375	0.1768	1222	0	0.0007	15.49
0.9703	1.164e-05	0.0004007	1e-05	0.5	0.5	0.5345	4785	0	0.0006743	62.31
0.9752	-0.04808	0.02296	1e-05	0.125	0.125	0.3536	7270	0.5	0.0006675	92.54
0.9802	1.354e-05	0.003971	1e-05	0	0	0	6488	0.5	0.0005405	88.8
0.9851	4.301e-05	0.0005759	1e-05	0.625	0.625	0.5175	6231	0.5	0.0006761	89.43
0.9901	1.028e-05	0.0004496	1e-05	0	0	0	6026	0.5	0.0005086	88.66
0.995	1.464e-05	0.0005343	1e-05	0.5	0.5	0.5345	5522	0	0.0006734	82.88
1	2.119e-05	0.0008014	1e-05	0	0	0	7350	0.125	0.0007361	99.25
1.005	6.382e-06	0.0003173	1e-05	0.5	0.5	0.5345	1840	0	0.0008815	19.82
1.01	6.575e-06	0.0002989	1e-05	0.5	0.5	0.5345	2209	0	0.0006858	31.71
1.015	0.001194	0.0008622	1e-05	0.25	0.25	0.4629	8046	0.5	0.000855	101.4
1.02	3.191e-05	0.0008662	1e-05	0.375	0.375	0.5175	9498	0.5	0.0007548	110.8
1.025	-0.005226	0.001458	1e-05	0.375	0.375	0.5175	9041	0.5	0.0009503	98.47
1.03	6.443e-06	0.0003535	1e-05	0.5	0.5	0.5345	2042	0	0.0007135	26.21
1.035	2.21e-05	0.001084	1e-05	0.5	0.5	0.5345	8515	0.5	0.0006194	93.34
1.04	0.00955	0.006121	1e-05	0.25	0.25	0.4629	6238	0.5	0.001484	91.39
1.045	2.064e-05	0.0006119	1e-05	0.5	0.5	0.5345	6026	0.25	0.0009622	92.08
1.05	1.209e-05	0.0005602	1e-05	0	0	0	5060	0	0.0006009	58.56
1.054	7.292e-06	0.0003106	1e-05	0.5	0.5	0.5345	2667	0	0.0006834	37.39
1.059	-0.001335	0.002213	1e-05	0.1875	0.1875	0.372	2541	0	0.001521	42.23
1.064	0.006029	0.009906	1e-05	0.125	0.125	0.3536	5994	0.125	0.0006024	98.19
1.069	4.486e-05	0.001256	1e-05	0.125	0.125	0.3536	9777	0.625	0.0007958	108.4
1.074	-0.002504	0.001847	1e-05	0.9375	0.9375	0.1768	1434	0	0.0009493	19.96
1.079	0.001571	0.0008615	1e-05	0.25	0.25	0.4629	7969	0.125	0.0006499	100.5
1.084	1.603e-05	0.000504	1e-05	0	0	0	9147	0.5	0.0004651	109.4
1.089	1.808e-05	0.000519	1e-05	0	0	0	7286	0	0.0006444	100.5
1.094	2.079e-05	0.000898	1e-05	0	0	0	7135	0.5	0.0008389	101.5
1.099	0.0008001	0.0005297	1e-05	0.125	0.125	0.3536	4513	0	0.0007452	71.5
1.104	5.133e-05	0.0007983	1e-05	0.125	0.125	0.3536	7933	0.25	0.0009993	102
1.109	-0.02594	0.006083	1e-05	0.625	0.625	0.4432	4524	0.125	0.001029	92.1
1.114	2.177e-05	0.001472	1e-05	0.5	0.5	0.5345	7167	0.125	0.00077	103.2
1.119	0.03411	0.009392	1e-05	0.75	0.75	0.4629	2919	0	0.0008032	42.08
1.124	6.279e-06	0.0004642	1e-05	0.5	0.5	0.5345	1900	0	0.0008206	25.94
1.129	1.946e-05	0.0006662	1e-05	0.5	0.5	0.5345	5470	0.375	0.0008038	90.93
1.134	1.501e-05	0.0005677	1e-05	0.5	0.5	0.5345	5730	0.5	0.0006845	87.76
1.139	1.479e-05	0.0004787	1e-05	0	0	0	6555	0.25	0.0005934	100.7
1.144	1.074e-05	0.0004103	1e-05	1	1	0	3990	0	0.0007431	57.99
1.149	-0.008802	0.002203	1e-05	0.25	0.25	0.4629	9244	0.625	0.0005507	96.87
1.153	1.731e-05	0.0004957	1e-05	0.5	0.5	0.5345	5684	0.25	0.0007939	94.76
1.158	-0.004083	0.00302	1e-05	0.375	0.375	0.5175	4328	0	0.0007366	45.5
1.163	4.579e-06	0.0003268	1e-05	0.5	0.5	0.5345	2045	0	0.0005324	31.05
1.168	0.007531	0.007217	1e-05	0.25	0.25	0.4629	6566	0.5	0.0006577	95.77
1.173	-0.001221	0.001676	1e-05	0.375	0.375	0.5175	9189	0.5	0.0006988	108
1.178	0.06473	0.0156	1e-05	0.375	0.375	0.5175	5167	0	0.0005882	83.63
1.183	5.033e-06	0.0003182	1e-05	0.5	0.5	0.5345	2332	0	0.0005422	27.9
1.188	-0.01518	0.003983	1e-05	0.375	0.375	0.5175	7349	0.125	0.0006142	101.8
1.193	1.414e-05	0.0004959	1e-05	0	0	0	7068	0.5	0.000478	90.27
1.198	1.166e-05	0.0003742	1e-05	0	0	0	4448	0	0.0006504	81.39
1.203	1.82e-05	0.0005032	1e-05	0	0	0	6674	0.5	0.0007247	89.11
1.208	7.493e-06	0.0006727	1e-05	0	0	0	5916	0.375	0.0003682	98.89
1.213	2.235e-05	0.000752	1e-05	0	0	0	9521	0.5	0.0006027	106.2
1.218	1.489e-05	0.0005077	1e-05	0	0	0	4808	0	0.0008028	73.72
1.223	-0.03473	0.009556	1e-05	0.875	0.875	0.3536	7896	0.125	0.0007217	106.4
1.228	5.06e-05	0.00164	1e-05	0.25	0.25	0.4629	2222	0	0.0006574	35.32
1.233	-0.003193	0.002054	1e-05	0.125	0.125	0.3536	7354	0	0.0008957	86.96
1.238	2.379e-05	0.000841	1e-05	0.5	0.5	0.5345	6922	0.375	0.0009308	98.08
1.243	-0.03231	0.01307	1e-05	0.375	0.375	0.5175	7418	0.5	0.0008082	90.59
1.248	1.797e-05	0.0005931	1e-05	0	0	0	7919	0.5	0.0005892	94.24
1.252	0.001672	0.0008221	1e-05	0.25	0.25	0.4629	9040	0.25	0.0009034	115.2
1.257	-0.03753	0.007889	1e-05	0.375	0.375	0.5175	9133	0.5	0.0009087	115.6
1.262	-0.01517	0.004325	1e-05	0.125	0.125	0.3536	8996	0.5	0.000776	98.79
1.267	-0.0004872	0.001848	1e-05	0.3125	0.3125	0.4581	5573	0.375	0.0006394	90.39
1.272	1.7e-05	0.0005289	1e-05	0	0	0	6211	0	0.0007196	86.24
1.277	0.004242	0.001551	1e-05	0.25	0.25	0.4629	6745	0.25	0.000965	96.08
1.282	-0.001158	0.004686	1e-05	0.6875	0.6875	0.4581	4113	0	0.002485	71.61
1.287	1.829e-05	0.0006006	1e-05	0	0	0	8460	0.375	0.0005498	97.44
1.292	2.116e-05	0.0007142	1e-05	0.5	0.5	0.5345	6477	0.25	0.0007245	94.17
1.297	2.263e-05	0.0006382	1e-05	0	0	0	8145	0.125	0.000688	105.7
1.302	1.073e-05	0.0004758	1e-05	0.5	0.5	0.5345	4190	0	0.0006108	71.91
1.307	7.76e-06	0.003196	1e-05	0.5	0.5	0.5345	2792	0	0.0007282	36.08
1.312	2.761e-05	0.0006896	1e-05	0.125	0.125	0.3536	5568	0.25	0.0006835	98.03
1.317	-0.0006822	0.0005569	1e-05	0.375	0.375	0.5175	7530	0.125	0.000669	104.5
1.322	1.353e-05	0.0004835	1e-05	0	0	0	4477	0.125	0.0008224	92.32
1.327	-0.001927	0.0006438	1e-05	0.875	0.875	0.3536	4101	0	0.000807	53.6
1.332	1.476e-05	0.0005737	1e-05	0	0	0	6280	0.5	0.0005498	91.39
1.337	-0.0042	0.001184	1e-05	0.375	0.375	0.5175	5394	0	0.0007552	68.3
1.342	0.0009453	0.0006643	1e-05	0.125	0.125	0.3536	7207	0	0.0009071	92.05
1.347	1.733e-05	0.001306	1e-05	0	0	0	6767	0.375	0.0007242	93.08
1.351	1.861e-05	0.0007174	1e-05	0.5	0.5	0.5345	6224	0.5	0.0007437	92.86
1.356	1.976e-05	0.001585	1e-05	0	0	0	6611	0	0.0007599	89.73
1.361	-0.003975	0.0008152	1e-05	0.25	0.25	0.4629	6178	0.125	0.0008044	96.92
1.366	9.654e-06	0.0003769	1e-05	0.5	0.5	0.5345	3922	0	0.0006487	80.54
1.371	2.284e-05	0.0005768	1e-05	1	1	0	6595	0.125	0.0009532	101.5
1.376	1.319e-05	0.0005257	1e-05	0.5	0.5	0.5345	5073	0	0.000665	88.06
1.381	-0.008247	0.002286	1e-05	0.75	0.75	0.4629	6440	0.25	0.0005997	94.55
1.386	0.0007497	0.004014	1e-05	0.625	0.625	0.5175	6124	0	0.0007019	75.34
1.391	0.008882	0.01413	1e-05	0.375	0.375	0.5175	1863	0	0.0006242	20.8
1.396	1.967e-05	0.0005068	1e-05	0	0	0	6134	0	0.000821	78.54
1.401	0.003546	0.000746	1e-05	0.125	0.125	0.3536	1.007e+04	0.625	0.0005937	100.9
1.406	1.378e-05	0.0003953	1e-05	0	0	0	4476	0	0.0007904	55.18
1.411	-0.001402	0.0005027	1e-05	0.875	0.875	0.3536	5103	0.125	0.0006701	94.65
1.416	9.815e-05	0.0006877	1e-05	0.125	0.125	0.3536	9810	0.875	0.0009309	102.4
1.421	1.632e-05	0.000486	1e-05	0	0	0	8926	0.5	0.0004597	96.16
1.426	0.0001801	0.0006282	1e-05	0.125	0.125	0.3536	7865	0.25	0.0008386	98.09
1.431	1.156e-05	0.0003787	1e-05	1	1	0	3302	0.125	0.0007699	89.01
1.436	9.389e-06	0.0004878	1e-05	0.5	0.5	0.5345	3953	0	0.0005884	56.21
1.441	1.766e-05	0.001381	1e-05	0	0	0	5453	0.125	0.0008656	96.94
1.446	1.323e-05	0.0005405	1e-05	0.5	0.5	0.5345	4409	0	0.0008529	61.3
1.45	0.0001284	0.00112	1e-05	0.125	0.125	0.3536	5272	0	0.0008065	77.44
1.455	0.003462	0.001628	1e-05	0.625	0.625	0.5175	3232	0	0.0009685	47.34
1.46	0.03012	0.007789	1e-05	0.25	0.25	0.4629	7384	0.375	0.0007762	95.97
1.465	9.779e-06	0.0002889	1e-05	0.5	0.5	0.5345	2898	0	0.0008703	44.94
1.47	1.699e-05	0.0009449	1e-05	0	0	0	7007	0.5	0.0006702	91.13
1.475	9.303e-06	0.0004832	1e-05	0	0	0	3795	0	0.0005916	53.35
1.48	0.001928	0.0004997	1e-05	0.25	0.25	0.4629	7642	0.375	0.0004887	103.5
1.485	2.302e-05	0.0007836	1e-05	0	0	0	7953	0.5	0.0006928	105.5
1.49	1.786e-05	0.000551	1e-05	0	0	0	7416	0	0.0006224	101.7
1.495	0.000376	0.0008699	1e-05	0.125	0.125	0.3536	1.019e+04	0.875	0.0005466	100.3
1.5	-0.01978	0.008382	1e-05	0.25	0.25	0.4629	3975	0	0.0006351	61.95
1.505	-0.007482	0.003449	1e-05	0.25	0.25	0.4629	6329	0	0.0007141	76.93
1.51	2.292e-05	0.0007855	1e-05	0	0	0	6564	0.5	0.0009372	88.81
1.515	1.094e-05	0.0003753	1e-05	0	0	0	5704	0.375	0.0005092	92.08
1.52	7.875e-06	0.0003749	1e-05	0.5	0.5	0.5345	3426	0	0.0006544	38.17
1.525	5.197e-06	0.0002851	1e-05	0	0	0	1935	0	0.000671	21.45
1.53	1.239e-05	0.0005105	1e-05	0	0	0	4901	0.125	0.0005684	94.27
1.535	1.247e-05	0.0004435	1e-05	0	0	0	4501	0	0.0006998	81.78
1.54	-0.0001684	0.003025	1e-05	0.125	0.125	0.3536	3851	0	0.0006252	62.09
1.545	-0.0112	0.003046	1e-05	0.625	0.625	0.5175	3690	0	0.0008486	65.55
1.55	1.892e-05	0.0005562	1e-05	0	0	0	7811	0.125	0.0005929	110.7
1.554	0.004273	0.006863	1e-05	0.125	0.125	0.3536	2427	0	0.0006831	35.77
1.559	2.498e-05	0.001021	1e-05	0	0	0	9345	0.5	0.0006662	108.6
1.564	2.539e-05	0.0008362	1e-05	0	0	0	9142	0.25	0.0007184	110.7
1.569	1.341e-05	0.0004305	1e-05	0.5	0.5	0.5345	5959	0.5	0.0006044	90.43
1.574	2.466e-05	0.0006593	1e-05	0	0	0	7526	0.375	0.0008531	95.03
1.579	7.442e-06	0.0004199	1e-05	0.5	0.5	0.5345	2063	0	0.0009642	19.74
1.584	-0.01124	0.00362	1e-05	0.75	0.75	0.4629	4764	0	0.0006939	61.16
1.589	-8.46e-05	0.0005819	1e-05	0.125	0.125	0.3536	8550	0.5	0.000357	95.5
1.594	0.001055	0.0003632	1e-05	0.125	0.125	0.3536	5388	0.25	0.0004615	92.15
1.599	1.178e-05	0.0003901	1e-05	0.5	0.5	0.5345	4592	0.125	0.0006544	93.16
1.604	-0.005458	0.001358	1e-05	0.875	0.875	0.3536	3813	0	0.0005662	49.38
1.609	0.007622	0.002418	1e-05	0.375	0.375	0.5175	7397	0.375	0.0007449	94.9
1.614	0.0009649	0.0006273	1e-05	0.625	0.625	0.5175	6025	0.5	0.000679	88.23
1.619	0.1012	0.1715	1e-05	0.125	0.125	0.3536	9891	0.875	0.0009147	98.36
1.624	8.459e-06	0.000431	1e-05	0	0	0	5045	0	0.0004267	79.7
1.629	9.493e-06	0.0003936	1e-05	0	0	0	3824	0	0.0006486	46.38
1.634	1.572e-05	0.000457	1e-05	0.5	0.5	0.5345	6076	0.125	0.0006052	98.42
1.639	4.88e-06	0.0003962	1e-05	1	1	0	1269	0	0.001035	12.45
1.644	-0.0003871	0.002203	1e-05	0.25	0.25	0.4629	6013	0.5	0.0007099	100.1
1.649	2.372e-05	0.0007447	1e-05	0	0	0	9235	0.375	0.0006562	103.5
1.653	-0.02118	0.004341	1e-05	0.875	0.875	0.3536	7784	0	0.000613	92.99
1.658	2.407e-05	0.001266	1e-05	0	0	0	1.008e+04	0.875	0.0006102	100.8
1.663	8.784e-06	0.0004222	1e-05	0	0	0	6063	0.5	0.0004775	88.61
1.668	0.001463	0.002744	1e-05	0.625	0.625	0.5175	4788	0	0.0009633	53.35
1.673	-0.04482	0.01211	1e-05	0.5	0.5	0.5345	8584	0.5	0.0007716	96.35
1.678	0.02266	0.008738	1e-05	0.125	0.125	0.3536	5002	0	0.0007293	81.79
1.683	0.01041	0.004257	1e-05	0.125	0.125	0.3536	8320	0.25	0.0009052	101.9
1.688	0.0004341	0.0007398	1e-05	0.125	0.125	0.3536	4093	0	0.0009648	47.78
1.693	4.848e-05	0.001075	1e-05	0	0	0	1.024e+04	1	0.001212	101
1.698	6.671e-06	0.0004598	1e-05	1	1	0	3048	0	0.0005455	33.62
1.703	8.099e-06	0.0003754	1e-05	1	1	0	2913	0	0.0007561	39.54
1.708	1.889e-05	0.0004918	1e-05	0	0	0	6153	0.5	0.0008108	91.53
1.713	1.913e-05	0.0005946	1e-05	0	0	0	6235	0.5	0.0007957	88.73
1.718	0.005768	0.002548	1e-05	0.125	0.125	0.3536	6101	0.5	0.0008759	99.11
1.723	-0.0001032	0.00134	1e-05	0.25	0.25	0.4629	9736	0.375	0.000983	101.5
1.728	-0.01724	0.01198	1e-05	0.625	0.625	0.5175	3381	0	0.001101	64.83
1.733	1.915e-05	0.0004503	1e-05	0	0	0	6409	0.375	0.000765	96.44
1.738	0.008155	0.001752	1e-05	0.875	0.875	0.3536	5480	0.25	0.0009216	92.86
1.743	-0.001688	0.0008127	1e-05	0.5	0.5	0.5345	7355	0	0.0009167	98.45
1.748	1.373e-05	0.000515	1e-05	0.5	0.5	0.5345	4758	0.125	0.0008097	93.83
1.752	-0.0003694	0.001152	1e-05	0.625	0.625	0.5175	5907	0.5	0.0009536	87.87
1.757	2.49e-05	0.0009061	1e-05	0.5	0.5	0.5345	8846	0.5	0.0007571	96.58
1.762	1.886e-05	0.0007656	1e-05	0	0	0	6689	0.5	0.0007872	90.57
1.767	-0.04678	0.01052	1e-05	0.375	0.375	0.5175	9909	0.625	0.0007094	107.4
1.772	6.195e-06	0.0004891	1e-05	0	0	0	2193	0	0.0006935	23.16
1.777	1.348e-05	0.0004452	1e-05	0	0	0	5322	0.125	0.0006131	96.05
1.782	0.0001271	0.003024	1e-05	0.25	0.25	0.4629	5722	0.375	0.0009638	91.83
1.787	-0.002505	0.006177	1e-05	0.875	0.875	0.2315	2236	0	0.0007499	35.45
1.792	1.179e-05	0.0004518	1e-05	0	0	0	3658	0	0.0008439	44.53
1.797	0.142	0.03128	1e-05	0.25	0.25	0.4629	5643	0.375	0.0007842	92.43
1.802	-0.00115	0.003308	1e-05	0.4375	0.4375	0.4955	5554	0.5	0.0009631	88.09
1.807	1.03e-05	0.0003027	1e-05	1	1	0	3164	0	0.0008244	33.08
1.812	2.036e-05	0.0007703	1e-05	0	0	0	6681	0.5	0.0007949	100.2
1.817	2.71e-05	0.0009034	1e-05	0	0	0	7708	0.25	0.0008681	103.8
1.822	0.002238	0.004015	1e-05	0.3125	0.3125	0.4581	5496	0.375	0.0009017	96.04
1.827	2.725e-05	0.0006524	1e-05	0	0	0	8074	0.375	0.0008904	105.3
1.832	1.581e-05	0.003478	1e-05	0	0	0	5809	0.5	0.0007154	89.17
1.837	1.77e-05	0.0007298	1e-05	0.5	0.5	0.5345	6733	0.5	0.0007176	100.3
1.842	1.77e-05	0.0008579	1e-05	0.5	0.5	0.5345	5816	0.5	0.001039	87.69
1.847	2.024e-05	0.00058	1e-05	0.5	0.5	0.5345	5719	0	0.0008866	91.9
1.851	3.752e-06	0.0002339	1e-05	0.5	0.5	0.5345	996.4	0	0.0009758	11.63
1.856	1.856e-05	0.0005836	1e-05	0	0	0	6436	0	0.0007318	88.51
1.861	-0.009672	0.004045	1e-05	0.875	0.875	0.3536	3602	0.125	0.0009916	90.58
1.866	2.17e-05	0.0005276	1e-05	0	0	0	6685	0	0.0008273	79.9
1.871	1.693e-05	0.0005815	1e-05	1	1	0	4139	0	0.0009752	64.42
1.876	1.484e-05	0.0005091	1e-05	0.5	0.5	0.5345	4445	0	0.0008359	73.18
1.881	7.965e-06	0.0003968	1e-05	0.5	0.5	0.5345	2744	0	0.0007411	27.35
1.886	-0.00372	0.001038	1e-05	0.375	0.375	0.5175	7319	0.25	0.0008759	100.4
1.891	1.916e-05	0.0005837	1e-05	0.5	0.5	0.5345	5802	0.25	0.0008344	93.12
1.896	1.714e-05	0.000606	1e-05	0.5	0.5	0.5345	5973	0.5	0.0009042	89.03
1.901	0.01245	0.003693	1e-05	0.25	0.25	0.4629	4055	0	0.0009899	85.19
1.906	1.642e-05	0.0005944	1e-05	0	0	0	5344	0	0.0007485	94.34
1.911	8.337e-06	0.000421	1e-05	0.5	0.5	0.5345	2791	0	0.0007088	54.2
1.916	0.001116	0.0006513	1e-05	0.375	0.375	0.5175	5982	0.25	0.0008537	93.5
1.921	1.818e-05	0.0005022	1e-05	0	0	0	4979	0.25	0.0009818	95.28
1.926	2.632e-05	0.0009232	1e-05	0	0	0	7424	0.375	0.0009057	102.4
1.931	-0.05039	0.03199	1e-05	0.5	0.5	0.5345	4049	0	0.001145	48.87
1.936	-0.04403	0.01084	1e-05	0.375	0.375	0.5175	7406	0.25	0.001007	96.48
1.941	2.699e-05	0.0009277	1e-05	0	0	0	8286	0.25	0.0008321	106.4
1.946	4.403e-06	0.0002256	1e-05	0.5	0.5	0.5345	2075	0	0.0005654	27.44
1.95	1.789e-05	0.0005517	1e-05	0	0	0	6237	0.25	0.0007332	93.89
1.955	-0.008079	0.001857	1e-05	0.375	0.375	0.5175	5283	0	0.0008489	89.77
1.96	3.586e-05	0.0009115	1e-05	0	0	0	9389	0.625	0.0009771	107.3
1.965	6.358e-06	0.0004345	1e-05	0.5	0.5	0.5345	1892	0	0.0008276	26.28
1.97	0.007648	0.003695	1e-05	0.25	0.25	0.4629	2330	0	0.0009703	23.5
1.975	6.895e-06	0.000416	1e-05	1	1	0	2121	0	0.0008026	22.42
1.98	2.351e-05	0.000531	1e-05	0.5	0.5	0.5345	5614	0	0.001089	70.07
1.985	0.003445	0.001415	1e-05	0.625	0.625	0.5175	7007	0.375	0.00099	94.08
1.99	1.716e-05	0.0007821	1e-05	0	0	0	5902	0.5	0.0006957	88.18
1.995	0.05437	0.008011	1e-05	0.5	0.5	0.5345	6628	0.25	0.0007466	99.03
2	1.521e-05	0.0004793	1e-05	0.5	0.5	0.5345	5317	0.125	0.0006078	97.25
2.005	1.755e-05	0.000813	1e-05	1	1	0	4172	0	0.001082	56.62
2.01	1.319e-05	0.0003822	1e-05	1	1	0	3528	0	0.0008747	55.97
2.015	-0.001081	0.0007994	1e-05	0.375	0.375	0.5175	3929	0	0.001145	55.42
2.02	1.146e-05	0.0003614	1e-05	0	0	0	4348	0	0.0008962	88.92
2.025	-0.001446	0.000718	1e-05	0.375	0.375	0.5175	6195	0	0.0008863	80.5
2.03	0.005843	0.008336	1e-05	0.25	0.25	0.4629	5941	0.5	0.0009332	89.53
2.035	2.082e-05	0.0006201	1e-05	0	0	0	5377	0.125	0.001014	97.03
2.04	-0.0031	0.0009004	1e-05	0.375	0.375	0.5175	6977	0.25	0.0008493	95.43
2.045	1.517e-05	0.0005326	1e-05	0	0	0	4063	0.125	0.0008592	91.17
2.05	1.335e-05	0.0005184	1e-05	0.5	0.5	0.5345	3956	0	0.0008369	61.31
2.054	0.01293	0.003781	1e-05	0.125	0.125	0.3536	3625	0	0.001095	42.66
2.059	0.01389	0.009042	1e-05	0.375	0.375	0.5175	4159	0	0.0009767	61.96
2.064	3.44e-05	0.00103	1e-05	0.5	0.5	0.5345	7921	0	0.001123	95.38
2.069	7.72e-06	0.0003769	1e-05	0	0	0	2477	0	0.0008156	29.52
2.074	0.001702	0.0009149	1e-05	0.125	0.125	0.3536	7265	0.375	0.0008222	102.4
2.079	0.001745	0.007729	1e-05	0.125	0.125	0.3536	1848	0	0.000829	23.19
2.084	2.229e-05	0.0006592	1e-05	0.5	0.5	0.5345	5886	0.5	0.0008182	92.99
2.089	-0.004425	0.001317	1e-05	0.375	0.375	0.5175	5584	0.25	0.0009395	93.12
2.094	-0.03557	0.01516	1e-05	0.125	0.125	0.3536	5941	0	0.002079	86.71
2.099	2.589e-05	0.0007683	1e-05	0	0	0	8226	0.5	0.0008157	106.2
2.104	3.274e-05	0.0007727	1e-05	0	0	0	8578	0.5	0.0009728	108.7
2.109	-0.0009103	0.001523	1e-05	0.375	0.375	0.5175	1781	0	0.0009007	44.36
2.114	2.722e-05	0.0008117	1e-05	0.5	0.5	0.5345	7816	0.5	0.0008753	103.9
2.119	2.021e-05	0.0007772	1e-05	0	0	0	6001	0.5	0.001094	99.68
2.124	5.227e-06	0.0003217	1e-05	0.5	0.5	0.5345	1657	0	0.0007911	18.96
2.129	-0.007593	0.001714	1e-05	0.375	0.375	0.5175	9931	0.75	0.0007095	99.84
2.134	1.878e-05	0.0005794	1e-05	0	0	0	6509	0	0.0006843	92.77
2.139	1.848e-05	0.000559	1e-05	0.5	0.5	0.5345	6897	0.5	0.0007842	92.09
2.144	2.527e-05	0.0008656	1e-05	0.5	0.5	0.5345	5953	0.5	0.0009301	87.7
2.149	9.706e-06	0.0005442	1e-05	1	1	0	2351	0	0.0009993	32.42
2.153	0.04076	0.02024	1e-05	0.25	0.25	0.4629	6566	0	0.0007415	92.38
2.158	-0.0008118	0.0007501	1e-05	0.25	0.25	0.4629	1.01e+04	0.875	0.0009049	103.1
2.163	1.683e-05	0.000384	1e-05	0.5	0.5	0.5345	4487	0	0.0009921	80.94
2.168	7.427e-06	0.0003904	1e-05	1	1	0	2190	0	0.0008924	23.9
2.173	1.447e-05	0.0004965	1e-05	0	0	0	5436	0	0.0006761	87.39
2.178	3.654e-05	0.0009149	1e-05	0	0	0	1.002e+04	0.75	0.0009312	98.9
2.183	1.001e-05	0.0004105	1e-05	0.5	0.5	0.5345	3060	0	0.000826	41.28
2.188	2.674e-05	0.001116	1e-05	0	0	0	7023	0.5	0.001011	90.3
2.193	2.091e-05	0.0008248	1e-05	0	0	0	6890	0.25	0.0007108	95.38
2.198	3.48e-05	0.0006884	1e-05	0	0	0	1.024e+04	1	0.00087	99.82
2.203	-6.917e-05	0.000532	1e-05	0.125	0.125	0.3536	7407	0.25	0.000926	97.12
2.208	0.001546	0.0005164	1e-05	0.25	0.25	0.4629	6908	0.25	0.0005493	100.7
2.213	-0.007972	0.002712	1e-05	0.875	0.875	0.3536	6743	0	0.0008009	97.9
2.218	0.002851	0.004471	1e-05	0.25	0.25	0.4629	2645	0	0.003054	41.68
2.223	2.292e-05	0.0006144	1e-05	0	0	0	7527	0.125	0.0007662	104.1
2.228	1.061e-05	0.0004484	1e-05	0	0	0	3369	0	0.000814	74.48
2.233	2.46e-05	0.0005804	1e-05	0	0	0	9812	0.625	0.0006549	114.3
2.238	1.491e-05	0.000942	1e-05	0.5	0.5	0.5345	6055	0.375	0.0007008	91.41
2.243	0.002558	0.002825	1e-05	0.4375	0.4375	0.4955	3155	0	0.0007147	42.03
2.248	-0.00329	0.004218	1e-05	0.25	0.25	0.4629	6296	0.375	0.0008783	95.01
2.252	5.428e-06	0.000331	1e-05	0.5	0.5	0.5345	2026	0	0.0007967	24.96
2.257	1.743e-05	0.0003548	1e-05	0.5	0.5	0.5345	4865	0	0.000917	71.56
2.262	0.0001255	0.0008163	1e-05	0.375	0.375	0.5175	1e+04	0.625	0.0008431	105.9
2.267	0.0004294	0.0009547	1e-05	0.25	0.25	0.4629	8139	0.5	0.0009485	93.1
2.272	3.143e-05	0.000891	1e-05	0.5	0.5	0.5345	8529	0.5	0.0009459	106.4
2.277	0.001274	0.001003	1e-05	0.5	0.5	0.5345	9488	0.625	0.00117	99.36
2.282	-0.009985	0.005677	1e-05	0.75	0.75	0.378	2822	0	0.001848	54.56
2.287	2.068e-05	0.0005141	1e-05	0	0	0	7444	0	0.0007125	94.05
2.292	1.695e-05	0.0006858	1e-05	0	0	0	6844	0.5	0.0005925	90.89
2.297	0.04287	0.008308	1e-05	0.75	0.75	0.4629	6995	0.25	0.001033	96.28
2.302	1.196e-05	0.001124	1e-05	0.5	0.5	0.5345	5377	0.125	0.0005511	96.72
2.307	0.0005097	0.0005653	1e-05	0.25	0.25	0.4629	7892	0.125	0.000635	100.6
2.312	-0.002562	0.001822	1e-05	0.125	0.125	0.3536	8141	0.5	0.0008355	105.7
2.317	-0.0004012	0.0005904	1e-05	0.25	0.25	0.4629	9069	0.375	0.00081	105.1
2.322	-0.01429	0.003781	1e-05	0.375	0.375	0.5175	6739	0.375	0.0007028	95.77
2.327	-0.001001	0.0005209	1e-05	0.375	0.375	0.5175	3456	0	0.0007012	42.62
2.332	1.513e-05	0.0006834	1e-05	0	0	0	5796	0.375	0.0006439	98.81
2.337	-0.0055	0.008835	1e-05	0.125	0.125	0.3536	3214	0	0.003198	69.17
2.342	1.757e-05	0.0006973	1e-05	0.5	0.5	0.5345	6437	0.5	0.000743	88.77
2.347	1.861e-05	0.0005156	1e-05	0.5	0.5	0.5345	5764	0.5	0.0009449	88.75
2.351	-2.519e-05	0.001573	1e-05	0.25	0.25	0.4629	9828	0.75	0.0005918	104.7
2.356	-0.01163	0.004537	1e-05	0.5	0.5	0.5345	8257	0.25	0.0008687	99.62
2.361	9.142e-06	0.0002657	1e-05	0.5	0.5	0.5345	2662	0	0.0008115	44.23
2.366	7.789e-06	0.0002912	1e-05	0.5	0.5	0.5345	2418	0	0.000803	41.08
2.371	2.384e-05	0.0007001	1e-05	0.5	0.5	0.5345	7105	0	0.0008541	86.41
2.376	0.008118	0.001612	1e-05	0.375	0.375	0.5175	5396	0.25	0.000695	93.8
2.381	0.0001618	0.0004438	1e-05	0.75	0.75	0.4629	6979	0.125	0.0007478	98.23
2.386	-0.015	0.003587	1e-05	0.625	0.625	0.5175	6040	0.25	0.000744	93.76
2.391	7.348e-06	0.0003693	1e-05	1	1	0	2222	0	0.0008271	28.49
2.396	0.01043	0.002275	1e-05	0.75	0.75	0.4629	6974	0.25	0.0008662	96.98
2.401	2.095e-05	0.001767	1e-05	0	0	0	4905	0	0.001041	79.62
2.406	1.289e-05	0.0004138	1e-05	0.5	0.5	0.5345	5297	0	0.0006043	61.77
2.411	2.155e-05	0.0006134	1e-05	0	0	0	8998	0.5	0.0006492	110.8
2.416	0.002117	0.0007981	1e-05	0.625	0.625	0.5175	6089	0.25	0.0008736	99.02
2.421	0.0002013	0.0007397	1e-05	0.125	0.125	0.3536	8595	0.5	0.0008419	95.78
2.426	1.453e-05	0.0005815	1e-05	0.5	0.5	0.5345	4892	0.125	0.0007001	94.65
2.431	6.241e-06	0.0002801	1e-05	0	0	0	2761	0	0.0005964	47.23
2.436	-0.02986	0.01307	1e-05	0.25	0.25	0.4629	3378	0	0.0006251	46.87
2.441	1.985e-05	0.0005725	1e-05	0.75	0.75	0.4629	5412	0.25	0.0009378	93.73
2.446	2.322e-05	0.0007745	1e-05	0	0	0	8830	0.625	0.0006542	105.5
2.45	2.169e-05	0.0005778	1e-05	0	0	0	6713	0.375	0.0007993	92.28
2.455	-0.001343	0.004955	1e-05	0.3125	0.3125	0.372	1163	0	0.0008776	14.49
2.46	-0.01145	0.004222	1e-05	0.375	0.375	0.5175	5753	0.125	0.0013	96.89
2.465	0.02837	0.006941	1e-05	0.125	0.125	0.3536	8416	0.5	0.0005131	106
2.47	-0.0002761	0.0006005	1e-05	0.125	0.125	0.3536	1.003e+04	0.75	0.0005726	110.9
2.475	1.609e-05	0.000422	1e-05	0	0	0	6233	0.5	0.0006669	88.32
2.48	2.347e-05	0.0006245	1e-05	0	0	0	9414	0.625	0.0006576	109.4
2.485	8.281e-06	0.0002816	1e-05	0	0	0	3752	0	0.0005946	93.27
2.49	0.001501	0.00289	1e-05	0.25	0.25	0.4629	5804	0	0.0006022	80.64
2.495	9.446e-06	0.0002778	1e-05	0.5	0.5	0.5345	3128	0	0.0008152	38.29
2.5	0.008438	0.01308	1e-05	0.125	0.125	0.3536	4970	0	0.0007579	91.5
2.505	-0.012	0.004927	1e-05	0.5	0.5	0.5345	5799	0.125	0.00076	98.28
2.51	2.014e-05	0.0004284	1e-05	0	0	0	6684	0.25	0.0007798	101.6
2.515	3.227e-05	0.0007364	1e-05	0	0	0	9225	0.25	0.0009054	119.5
2.52	2.113e-05	0.0006351	1e-05	0	0	0	6310	0.5	0.0008732	89.33
2.525	6.435e-06	0.0002886	1e-05	0	0	0	2439	0	0.0006248	36.52
2.53	0.000227	0.001056	1e-05	0.25	0.25	0.4629	1.012e+04	0.875	0.0006874	110
2.535	1.4e-05	0.0003837	1e-05	0	0	0	5256	0.125	0.0005796	95.3
2.54	1.805e-05	0.000743	1e-05	0.5	0.5	0.5345	5621	0.5	0.001006	87.85
2.545	2.029e-05	0.0005682	1e-05	0	0	0	7475	0.125	0.0006631	100.9
2.55	8.455e-06	0.0002865	1e-05	0	0	0	3098	0	0.0006551	36.1
2.554	-1.551e-05	0.000757	1e-05	0.75	0.75	0.4629	6995	0.375	0.0008921	92.49
2.559	1.055e-05	0.0004147	1e-05	0.5	0.5	0.5345	5383	0.125	0.0006221	96.73
2.564	6.19e-06	0.000323	1e-05	0.5	0.5	0.5345	2039	0	0.0008082	30.41
2.569	7.849e-06	0.0003076	1e-05	0.5	0.5	0.5345	2400	0	0.0008212	44.43
2.574	1.55e-05	0.000551	1e-05	0.5	0.5	0.5345	5154	0	0.0007958	77.79
2.579	2.078e-05	0.0004302	1e-05	0	0	0	6946	0	0.0007624	96.1
2.584	0.0008126	0.002983	1e-05	0.25	0.25	0.4629	7698	0.375	0.000912	104.6
2.589	6.106e-06	0.0002498	1e-05	0.5	0.5	0.5345	2117	0	0.000698	34.45
2.594	1.6e-05	0.0004698	1e-05	0.5	0.5	0.5345	4177	0	0.0009878	58.27
2.599	0.002854	0.001635	1e-05	0.5625	0.5625	0.4955	2445	0	0.001114	35.57
2.604	2.864e-05	0.0007202	1e-05	0	0	0	9530	0.375	0.0007638	105.1
2.609	1.259e-05	0.0003902	1e-05	0.5	0.5	0.5345	4954	0	0.0007008	87.77
2.614	7.995e-06	0.0003111	1e-05	0.5	0.5	0.5345	2349	0	0.0008948	26.08
2.619	1.555e-05	0.0004832	1e-05	0	0	0	4036	0	0.0008724	80.75
2.624	1.929e-05	0.0004536	1e-05	0.5	0.5	0.5345	6346	0.375	0.0007055	92.52
2.629	0.01037	0.007949	1e-05	0.375	0.375	0.5175	3692	0	0.001474	55.72
2.634	1.31e-05	0.0004589	1e-05	0.5	0.5	0.5345	5613	0.5	0.0008886	88.03
2.639	4.294e-06	0.0002514	1e-05	0.5	0.5	0.5345	1747	0	0.0006299	16.72
2.644	1.941e-05	0.0006302	1e-05	0	0	0	5754	0.5	0.0007091	88.57
2.649	-0.002148	0.001375	1e-05	0.625	0.625	0.5175	1992	0	0.0008732	31.71
2.653	3.212e-05	0.0007032	1e-05	0	0	0	9936	0.75	0.0008267	103.3
2.658	1.121e-05	0.000451	1e-05	0	0	0	4401	0	0.0007159	69.01
2.663	0.02684	0.01832	1e-05	0.875	0.875	0.3536	2006	0	0.0009399	20.36
2.668	1.938e-05	0.0003597	1e-05	0.5	0.5	0.5345	5615	0	0.0008534	91.11
2.673	1.086e-05	0.0003456	1e-05	0	0	0	3934	0	0.0007181	56.13
2.678	1.685e-05	0.0004162	1e-05	0	0	0	5309	0	0.0008012	69.79
2.683	0.002507	0.000662	1e-05	0.625	0.625	0.5175	6079	0.25	0.0009699	93.59
2.688	1.951e-05	0.0004691	1e-05	0.5	0.5	0.5345	7658	0	0.000649	89.57
2.693	1.448e-05	0.0008675	1e-05	0	0	0	5278	0.125	0.0006571	94.66
2.698	7.938e-06	0.000277	1e-05	0.5	0.5	0.5345	2736	0	0.0007251	37.71
2.703	6.451e-06	0.0003161	1e-05	1	1	0	2529	0	0.0006682	28.59
2.708	-0.001807	0.001234	1e-05	0.125	0.125	0.3536	1.004e+04	0.625	0.0004934	104.7
2.713	0.004256	0.001375	1e-05	0.25	0.25	0.4629	8128	0.5	0.0008446	95.79
2.718	0.01185	0.005493	1e-05	0.25	0.25	0.4629	6600	0.5	0.000725	91.8
2.723	2.079e-05	0.0005584	1e-05	0	0	0	6382	0.375	0.0008057	92.58
2.728	1.277e-05	0.0003949	1e-05	0	0	0	4166	0.125	0.0007572	94.54
2.733	1.444e-05	0.0005661	1e-05	0	0	0	4509	0.125	0.0007338	93.96
2.738	1.893e-05	0.0004795	1e-05	0	0	0	7131	0.5	0.0007966	90.48
2.743	-0.01138	0.005885	1e-05	0.125	0.125	0.3536	2822	0	0.000707	47
2.748	-0.02803	0.004856	1e-05	0.375	0.375	0.5175	8758	0.25	0.0007765	106.3
2.752	0.005893	0.003187	1e-05	0.8125	0.8125	0.372	2450	0	0.001054	36.98
2.757	2.171e-05	0.0005019	1e-05	0	0	0	7652	0.5	0.0007884	96.36
2.762	1.211e-05	0.0004358	1e-05	0.5	0.5	0.5345	4026	0	0.000668	68.26
2.767	-0.008849	0.01724	1e-05	0.125	0.125	0.3536	4884	0	0.0006872	54.14
2.772	5.739e-06	0.0003122	1e-05	0.5	0.5	0.5345	2082	0	0.0007276	21.42
2.777	5.317e-06	0.0003538	1e-05	0.5	0.5	0.5345	2477	0	0.0005396	25.91
2.782	1.143e-05	0.0003466	1e-05	0.5	0.5	0.5345	4207	0	0.0006944	84.57
2.787	0.00239	0.001136	1e-05	0.25	0.25	0.4629	8527	0.375	0.0006589	104.9
2.792	0.007772	0.002734	1e-05	0.5	0.5	0.4629	3716	0	0.002674	77.87
2.797	2.305e-05	0.0005753	1e-05	0	0	0	1.004e+04	0.75	0.0005889	100.1
2.802	-0.002966	0.001818	1e-05	0.375	0.375	0.5175	6622	0.5	0.0007751	90.58
2.807	1.594e-05	0.0008048	1e-05	0	0	0	8010	0.5	0.0005149	104.2
2.812	1.731e-05	0.0005816	1e-05	0	0	0	5604	0.25	0.0008003	93.41
2.817	2.516e-05	0.000663	1e-05	0.5	0.5	0.5345	9455	0.625	0.0006851	107.7
2.822	1.356e-05	0.0004164	1e-05	0	0	0	4536	0	0.000719	63.24
2.827	-6.241e-05	0.001996	1e-05	0.9375	0.9375	0.1768	3815	0	0.0008059	61.32
2.832	1.413e-05	0.0004217	1e-05	0.5	0.5	0.5345	6734	0.5	0.0006401	90.65
2.837	0.0008602	0.0006086	1e-05	0.375	0.375	0.5175	4758	0	0.0009185	73.56
2.842	0.01663	0.004569	1e-05	0.25	0.25	0.4629	9918	0.625	0.001004	103.5
2.847	0.06289	0.01102	1e-05	0.25	0.25	0.4629	6443	0.25	0.0006827	95.26
2.851	1.547e-05	0.0004195	1e-05	0	0	0	5503	0.125	0.000733	97.65
2.856	1.768e-05	0.0004613	1e-05	0	0	0	5076	0	0.0007879	100.6
2.861	2.042e-05	0.0006248	1e-05	0	0	0	8345	0.125	0.0006081	105.6
2.866	0.005089	0.008055	1e-05	0.875	0.875	0.3536	2851	0	0.0006738	43.64
2.871	1.529e-05	0.0006568	1e-05	0	0	0	6547	0.5	0.0006011	88.98
2.876	1.647e-05	0.001308	1e-05	0.5	0.5	0.5345	5896	0.375	0.0008358	91.12
2.881	-0.0003755	0.0008389	1e-05	0.375	0.375	0.5175	7619	0	0.0008973	102.2
2.886	0.0008052	0.0006023	1e-05	0.625	0.625	0.5175	5271	0.125	0.0008383	93.02
2.891	2.389e-05	0.0005295	1e-05	0	0	0	8531	0.125	0.0007195	105.4
2.896	2.467e-05	0.0007695	1e-05	0	0	0	7090	0.5	0.0008989	90.39
2.901	1.644e-05	0.0006821	1e-05	0	0	0	7780	0.5	0.0006069	92.31
2.906	2.475e-05	0.0005418	1e-05	0	0	0	7372	0.5	0.0008568	93.75
2.911	2.169e-05	0.0006238	1e-05	0	0	0	9877	0.875	0.0005636	102.2
2.916	-0.003584	0.001606	1e-05	0.125	0.125	0.3536	8070	0.5	0.0008273	93.71
2.921	1.855e-05	0.0006047	1e-05	0	0	0	6372	0.5	0.0007292	100.1
2.926	1.179e-05	0.000405	1e-05	0	0	0	4590	0	0.0006517	48.97
2.931	0.01446	0.004621	1e-05	0.75	0.75	0.4629	6241	0.25	0.0007659	99.23
2.936	1.005e-05	0.0003093	1e-05	0.5	0.5	0.5345	4340	0	0.0005707	72.7
2.941	2.61e-05	0.001455	1e-05	0	0	0	1.019e+04	0.875	0.000656	102.4
2.946	9.22e-06	0.001306	1e-05	1	1	0	1898	0	0.001202	26.07
2.95	1.422e-05	0.0003958	1e-05	0.5	0.5	0.5345	4203	0	0.0008587	63.91
2.955	9.294e-06	0.000356	1e-05	0.5	0.5	0.5345	2455	0	0.0009411	42.61
2.96	2.383e-05	0.0005116	1e-05	0	0	0	8232	0.5	0.000769	109.5
2.965	1.801e-05	0.0005178	1e-05	0	0	0	5843	0.125	0.0007994	96.93
2.97	0.006537	0.002401	1e-05	0.125	0.125	0.3536	4560	0	0.0008975	80.11
2.975	1.994e-05	0.0004475	1e-05	0.5	0.5	0.5345	6156	0	0.0008607	78.5
2.98	-0.003412	0.001977	1e-05	0.875	0.875	0.3536	5882	0	0.0008237	95.98
2.985	-0.0006623	0.0004877	1e-05	0.75	0.75	0.4629	5863	0	0.0008296	87.17
2.99	-0.01739	0.004049	1e-05	0.375	0.375	0.5175	5722	0.125	0.001201	95.13
2.995	-0.005205	0.00355	1e-05	0.125	0.125	0.3536	5307	0	0.001056	68.62
3	1.582e-05	0.0003632	1e-05	0	0	0	5658	0.5	0.0007189	89.03
